City,Lon,Lat,Weather ID,Weather Main,Weather Description,Temp (°C),Feels Like (°C),Temp Min (°C),Temp Max (°C),Pressure (hPa),Humidity (%),Visibility (m),Wind Speed (m/s),Wind Deg (°),Rain (1h),Clouds All (%),Sunrise,Sunset
New York,-74.006,40.7143,800,Clear,clear sky,12.58,10.96,11.2,13.45,1017,41,10000,3.09,270,0.0,0,1732535702,1732570303
Los Angeles,-118.2437,34.0522,721,Haze,haze,18.73,18.07,17.84,20.07,1020,54,10000,2.06,110,0.0,20,1732545344,1732581900
Chicago,-87.65,41.85,804,Clouds,overcast clouds,9.15,7.69,7.87,9.49,1012,84,10000,2.68,313,0.0,100,1732539168,1732573387
Houston,-95.3633,29.7633,802,Clouds,scattered clouds,29.11,31.38,28.3,30.17,1016,61,10000,7.2,200,0.0,40,1732539302,1732576957
Phoenix,-112.074,33.4484,803,Clouds,broken clouds,24.16,23.34,22.55,25.32,1018,27,10000,1.54,0,0.0,75,1732543782,1732580500
Philadelphia,-75.1638,39.9523,803,Clouds,broken clouds,13.09,11.86,12.01,14.14,1016,54,10000,3.6,230,0.0,75,1732535857,1732570703
San Antonio,-98.4936,29.4241,800,Clear,clear sky,28.71,29.4,27.86,30.06,1016,51,10000,0.45,96,0.0,0,1732540012,1732577749
San Diego,-117.1573,32.7153,802,Clouds,scattered clouds,22.95,22.48,19.01,26.1,1020,45,10000,4.12,310,0.0,40,1732544906,1732581816
Dallas,-96.7836,32.7668,804,Clouds,overcast clouds,11.33,10.27,11.08,12.24,1021,67,10000,8.23,340,0.0,100,1732540020,1732576920
San Jose,-121.895,37.3394,701,Mist,mist,12.47,12.2,11.59,13.65,1016,93,2012,2.57,350,0.0,100,1732546682,1732582314
Austin,-97.7431,30.2672,800,Clear,clear sky,23.93,23.79,21.48,25.71,1019,54,10000,4.92,56,0.0,3,1732539935,1732577466
Jacksonville,-81.6556,30.3322,801,Clouds,few clouds,23.13,22.7,21.66,25.02,1020,46,10000,2.06,90,0.0,20,1732536080,1732573598
Fort Worth,-97.3208,32.7254,804,Clouds,overcast clouds,10.41,9.26,9.86,10.96,1022,67,10000,9.26,330,0.0,100,1732540144,1732577054
Columbus,-82.9988,39.9612,804,Clouds,overcast clouds,14.66,14.32,13.66,15.29,1011,82,10000,4.63,220,0.0,100,1732537741,1732572581
Charlotte,-80.8431,35.2271,801,Clouds,few clouds,20.26,19.65,19.23,21.59,1017,50,10000,2.57,210,0.0,20,1732536522,1732572765
Indianapolis,-86.158,39.7684,804,Clouds,overcast clouds,15.79,15.57,15.16,16.27,1010,82,10000,4.63,230,0.0,100,1732538469,1732573370
San Francisco,-122.4194,37.7749,701,Mist,mist,12.66,12.28,11.57,14.04,1016,88,4023,3.58,23,0.0,100,1732546872,1732582376
Seattle,-122.3321,47.6062,804,Clouds,overcast clouds,8.11,7.45,7.04,9.23,1014,94,10000,1.54,290,0.0,100,1732548589,1732580617
Denver,-104.9847,39.7392,800,Clear,clear sky,8.97,8.97,7.6,10.18,1019,35,10000,0.89,188,0.0,2,1732542986,1732577892
Washington,-120.5015,47.5001,804,Clouds,overcast clouds,2.78,2.78,2.19,3.14,1016,83,10000,1.19,75,0.0,100,1732548127,1732580201
Boston,-71.0598,42.3584,800,Clear,clear sky,9.92,8.91,8.61,10.81,1014,49,10000,2.24,295,0.0,1,1732535270,1732569320
El Paso,-106.2005,31.8001,803,Clouds,broken clouds,22.66,21.4,21.56,23.3,1018,16,10000,4.12,250,0.0,75,1732542157,1732579304
Nashville,-86.7844,36.1659,804,Clouds,overcast clouds,19.87,19.84,18.83,20.4,1013,74,10000,5.14,220,0.0,100,1732538080,1732574059
Detroit,-83.0458,42.3314,804,Clouds,overcast clouds,9.8,8.91,8.6,10.06,1009,82,10000,2.06,150,0.0,100,1732538144,1732572201
Oklahoma City,-97.5164,35.4676,803,Clouds,broken clouds,8.77,4.63,8.12,9.51,1024,59,10000,9.77,360,0.0,75,1732540559,1732576733
Portland,-122.6762,45.5234,803,Clouds,broken clouds,10.13,9.42,8.99,11.38,1014,85,10000,3.13,213,0.0,75,1732548248,1732581124
Las Vegas,-115.1372,36.175,803,Clouds,broken clouds,14.06,12.72,13.02,15.15,1019,46,10000,5.66,70,0.0,75,1732544891,1732580861
Memphis,-90.049,35.1495,701,Mist,mist,18.76,19.04,17.84,20.08,1014,90,9656,3.6,210,0.0,100,1732538722,1732574985
Louisville,-85.7594,38.2542,804,Clouds,overcast clouds,16.51,16.46,15.49,17.26,1011,86,4023,4.12,210,0.0,100,1732538139,1732573508
Baltimore,-76.6122,39.2904,800,Clear,clear sky,13.36,12.27,11.65,15.1,1016,58,10000,3.6,140,0.0,0,1732536101,1732571155
Milwaukee,-87.9668,43.0006,741,Fog,fog,5.2,2.04,4.06,6.18,1012,88,4023,4.12,300,0.0,100,1732539443,1732573264
Albuquerque,-106.6511,35.0845,803,Clouds,broken clouds,14.64,12.94,13.65,15.71,1020,30,10000,2.57,240,0.0,75,1732542700,1732578978
Tucson,-110.9265,32.2217,800,Clear,clear sky,24.71,23.71,23.7,25.79,1018,18,10000,1.34,240,0.0,0,1732543346,1732580384
Fresno,-119.8343,36.6666,804,Clouds,overcast clouds,14.64,13.7,13.89,15.29,1019,59,10000,4.63,110,0.0,100,1732546089,1732581918
Sacramento,-121.3177,38.4666,803,Clouds,broken clouds,13.01,12.48,12.72,14.0,1017,81,10000,5.14,130,0.0,75,1732546712,1732582008
Kansas City,-94.5786,39.0997,800,Clear,clear sky,4.63,0.57,3.7,5.85,1023,49,10000,5.66,310,0.0,0,1732540387,1732575495
Mesa,-111.8226,33.4223,803,Clouds,broken clouds,24.15,23.3,22.93,25.21,1018,26,10000,1.54,0,0.0,75,1732543718,1732580443
Atlanta,-84.388,33.749,801,Clouds,few clouds,21.57,21.32,20.37,22.16,1018,59,10000,5.66,230,0.0,20,1732537173,1732573816
Omaha,-95.9378,41.2586,800,Clear,clear sky,2.69,-2.33,1.47,3.85,1025,44,10000,6.69,330,0.0,0,1732541059,1732575475
Colorado Springs,-104.8214,38.8339,804,Clouds,overcast clouds,3.06,-1.64,1.41,3.85,1020,78,10000,6.17,160,0.0,100,1732542806,1732577993
Virginia Beach,-75.978,36.8529,801,Clouds,few clouds,17.97,17.34,16.68,20.03,1018,58,10000,2.57,160,0.0,20,1732535583,1732571368
Raleigh,-78.6386,35.7721,804,Clouds,overcast clouds,20.69,19.96,19.56,21.4,1017,44,10000,2.68,254,0.0,90,1732536068,1732572160
Miami,-80.1937,25.7743,802,Clouds,scattered clouds,25.56,26.0,24.45,27.01,1019,70,10000,6.17,80,0.0,40,1732535193,1732573782
Oakland,-83.3999,42.6667,804,Clouds,overcast clouds,7.9,5.63,7.32,8.66,1009,91,10000,3.6,140,0.0,100,1732538287,1732572227
Minneapolis,-93.2638,44.98,802,Clouds,scattered clouds,-1.51,-8.38,-2.56,-0.49,1021,63,10000,8.23,290,0.0,40,1732541078,1732574172
Tulsa,-95.9003,36.1001,800,Clear,clear sky,9.81,7.11,8.79,10.53,1023,59,10000,5.66,360,0.0,0,1732540260,1732576256
Arlington,-97.1081,32.7357,804,Clouds,overcast clouds,10.67,9.52,9.95,11.63,1021,66,10000,9.77,330,0.0,100,1732540094,1732577002
New Orleans,-90.0751,29.9547,800,Clear,clear sky,26.21,26.21,25.56,27.0,1019,60,10000,5.14,200,0.0,0,1732538055,1732575664
Wichita,-97.3375,37.6922,801,Clouds,few clouds,6.31,1.52,5.62,7.28,1026,42,10000,9.26,350,0.0,20,1732540836,1732576370
Cleveland,-81.6954,41.4995,804,Clouds,overcast clouds,11.66,10.76,10.93,12.25,1010,72,10000,5.14,180,0.0,100,1732537679,1732572018
Tampa,-82.4584,27.9475,800,Clear,clear sky,24.62,24.39,23.31,26.23,1020,48,10000,3.6,290,0.0,0,1732535986,1732574076
Bakersfield,-119.0187,35.3733,804,Clouds,overcast clouds,15.9,15.16,15.51,17.31,1018,62,10000,2.06,320,0.0,100,1732545710,1732581905
Aurora,-104.8319,39.7294,801,Clouds,few clouds,8.58,6.75,7.3,9.82,1019,32,10000,3.09,160,0.0,20,1732542948,1732577857
Honolulu,-157.8583,21.3069,801,Clouds,few clouds,27.35,28.71,26.59,28.9,1016,62,10000,2.57,0,0.0,20,1732553357,1732592906
Anaheim,-117.9145,33.8353,803,Clouds,broken clouds,20.51,20.05,18.69,21.72,1020,55,10000,2.06,20,0.0,75,1732545236,1732581850
Santa Ana,-117.8678,33.7456,803,Clouds,broken clouds,20.8,20.35,18.47,22.1,1020,54,10000,2.06,20,0.0,75,1732545212,1732581850
Corpus Christi,-97.3964,27.8006,801,Clouds,few clouds,28.95,32.26,27.77,30.01,1015,68,10000,8.23,160,0.0,20,1732539556,1732577678
Riverside,-116.0508,33.7333,800,Clear,clear sky,20.49,19.3,20.15,21.04,1018,27,10000,0.0,0,0.0,0,1732544774,1732581416
St Louis,-90.1979,38.6273,804,Clouds,overcast clouds,9.95,6.82,8.85,10.88,1017,79,10000,7.2,330,0.0,100,1732539262,1732574516
Lexington,-84.4777,37.9887,804,Clouds,overcast clouds,16.3,16.05,15.59,17.0,1012,79,10000,5.66,210,0.0,100,1732537792,1732573240
Stockton,-121.2908,37.9577,804,Clouds,overcast clouds,12.71,12.33,12.03,13.4,1017,88,10000,2.57,110,0.0,100,1732546629,1732582078
Pittsburgh,-79.9959,40.4406,803,Clouds,broken clouds,11.86,10.9,11.2,12.8,1014,69,10000,3.09,200,0.0,75,1732537096,1732571784
Saint Paul,-93.0933,44.9444,802,Clouds,scattered clouds,-1.27,-7.86,-2.01,-0.4,1020,67,10000,7.72,300,0.0,40,1732541030,1732574138
Cincinnati,-84.4569,39.162,804,Clouds,overcast clouds,16.15,15.94,15.41,17.01,1011,81,10000,5.66,210,0.0,100,1732537965,1732573057
Anchorage,-149.9003,61.2181,600,Snow,light snow,0.63,-4.98,-1.03,2.6,1013,91,10000,6.71,340,0.51,100,1732559592,1732582850
Henderson,-114.9819,36.0397,803,Clouds,broken clouds,15.14,13.7,13.69,16.2,1019,38,10000,3.6,30,0.0,75,1732544834,1732580843
Greensboro,-79.792,36.0726,803,Clouds,broken clouds,19.82,18.93,18.87,21.12,1016,41,10000,4.12,190,0.0,75,1732536388,1732572395
Plano,-96.6989,33.0198,804,Clouds,overcast clouds,11.09,10.06,10.4,12.03,1021,69,10000,5.14,320,0.0,100,1732540033,1732576867
Newark,-74.1724,40.7357,800,Clear,clear sky,12.45,10.85,11.31,13.44,1017,42,10000,2.57,260,0.0,0,1732535745,1732570339
Lincoln,-96.667,40.8,800,Clear,clear sky,3.59,-1.38,3.09,4.04,1026,43,10000,7.2,330,0.0,0,1732541159,1732575726
Orlando,-81.3792,28.5383,800,Clear,clear sky,24.93,24.71,23.82,26.05,1020,47,10000,2.06,210,0.0,0,1732535797,1732573748
Irvine,-117.8231,33.6695,803,Clouds,broken clouds,21.09,20.56,18.74,22.66,1020,50,10000,2.06,20,0.0,75,1732545192,1732581850
Toledo,-83.5552,41.6639,804,Clouds,overcast clouds,12.51,11.8,12.12,13.3,1009,76,10000,3.09,170,0.0,100,1732538153,1732572436
Jersey City,-74.0776,40.7282,800,Clear,clear sky,12.47,10.82,11.29,13.36,1017,40,10000,3.09,270,0.0,0,1732535721,1732570318
Chula Vista,-117.0842,32.64,802,Clouds,scattered clouds,23.49,22.97,19.86,26.14,1019,41,10000,4.12,310,0.0,40,1732544879,1732581808
Durham,-78.8664,36.0335,803,Clouds,broken clouds,20.23,19.54,19.05,21.66,1017,47,10000,1.34,216,0.0,79,1732536160,1732572178
Fort Wayne,-85.1289,41.1306,804,Clouds,overcast clouds,14.87,14.63,13.96,15.08,1009,85,10000,4.91,242,0.0,100,1732538442,1732572903
St. Petersburg,-82.6793,27.7709,800,Clear,clear sky,23.46,23.35,21.59,24.41,1020,57,10000,3.6,290,0.0,0,1732536019,1732574150
Lubbock,-101.8338,33.6001,803,Clouds,broken clouds,11.14,9.62,9.65,11.14,1024,50,10000,6.17,40,0.0,75,1732541342,1732578022
Norfolk,-71.2495,42.1668,800,Clear,clear sky,9.29,9.29,8.43,10.45,1015,51,10000,0.89,237,0.0,3,1732535282,1732569399
Madison,-86.5667,34.7334,803,Clouds,broken clouds,22.08,22.17,20.96,22.66,1016,70,10000,15.0,190,0.0,75,1732537829,1732574207
Gilbert,-111.789,33.3528,804,Clouds,overcast clouds,24.16,23.31,22.55,25.28,1018,26,10000,1.34,322,0.0,100,1732543700,1732580444
Reno,-119.8138,39.5296,803,Clouds,broken clouds,6.38,2.78,5.81,7.27,1017,61,10000,5.66,150,0.0,75,1732546515,1732581483
Winston-Salem,-80.2442,36.0999,800,Clear,clear sky,19.58,18.56,18.99,20.97,1016,37,10000,3.72,218,0.0,6,1732536500,1732572499
Glendale,-112.186,33.5387,800,Clear,clear sky,23.48,22.64,22.2,24.76,1018,29,10000,1.54,90,0.0,0,1732543820,1732580515
Hialeah,-80.2781,25.8576,801,Clouds,few clouds,25.62,26.04,24.45,27.23,1019,69,10000,6.17,80,0.0,20,1732535223,1732573793
Garland,-96.6389,32.9126,804,Clouds,overcast clouds,11.57,10.64,10.86,12.25,1021,71,10000,6.17,320,0.0,100,1732540004,1732576866
Scottsdale,-111.899,33.5092,800,Clear,clear sky,23.76,22.9,22.23,25.0,1018,27,10000,1.54,200,0.0,0,1732543748,1732580450
Irving,-96.9489,32.814,804,Clouds,overcast clouds,11.18,10.08,10.99,11.99,1021,66,10000,9.77,330,0.0,100,1732540066,1732576954
Chesapeake,-76.2749,36.819,802,Clouds,scattered clouds,18.97,18.18,16.66,20.01,1017,48,10000,3.09,10,0.0,40,1732535650,1732571444
North Las Vegas,-115.1175,36.1989,803,Clouds,broken clouds,14.37,13.09,13.32,15.52,1019,47,10000,5.66,70,0.0,75,1732544889,1732580853
Fremont,-121.9886,37.5483,804,Clouds,overcast clouds,12.44,12.14,11.69,13.43,1016,92,3219,4.02,144,0.0,100,1732546735,1732582306
Baton Rouge,-91.1545,30.4508,803,Clouds,broken clouds,29.04,29.84,26.74,29.04,1018,51,10000,6.17,200,0.0,75,1732538375,1732575862
Richmond,-77.4603,37.5538,800,Clear,clear sky,17.61,16.76,16.53,18.84,1016,51,10000,3.09,180,0.0,0,1732536042,1732571621
Boise,-116.2035,43.6135,800,Clear,clear sky,10.02,8.23,7.99,10.63,1016,44,10000,4.63,150,0.0,0,1732546335,1732579929
San Bernardino,-116.1675,34.6667,802,Clouds,scattered clouds,18.37,17.05,18.37,18.37,1018,30,10000,2.48,138,0.0,33,1732544928,1732581318
Spokane,-117.3677,47.6166,804,Clouds,overcast clouds,5.83,2.81,4.45,6.37,1015,81,10000,4.12,160,0.0,100,1732547399,1732579424
Des Moines,-93.6091,41.6005,801,Clouds,few clouds,2.76,-3.31,2.08,3.47,1022,54,10000,9.77,320,0.0,20,1732540557,1732574859
Modesto,-120.9969,37.6391,804,Clouds,overcast clouds,14.3,13.85,13.21,15.01,1017,79,10000,4.12,130,0.0,100,1732546511,1732582055
Fayetteville,-78.8784,35.0527,800,Clear,clear sky,21.71,21.06,20.66,22.29,1018,43,10000,3.6,200,0.0,0,1732536026,1732572318
Tacoma,-122.4443,47.2529,804,Clouds,overcast clouds,8.37,7.75,7.41,9.35,1014,92,10000,1.54,30,0.0,100,1732548541,1732580719
Shreveport,-93.7502,32.5251,803,Clouds,broken clouds,25.33,25.54,25.03,26.12,1016,62,10000,7.2,250,0.0,75,1732539260,1732576224
Fontana,-117.4351,34.0922,803,Clouds,broken clouds,18.15,17.46,16.38,19.33,1020,55,10000,0.89,221,0.0,75,1732545155,1732581700
Oxnard,-119.177,34.1975,802,Clouds,scattered clouds,19.09,18.6,17.93,20.31,1020,59,10000,3.6,70,0.0,40,1732545587,1732582104
Moreno Valley,-117.2306,33.9375,803,Clouds,broken clouds,18.47,17.68,16.93,20.41,1020,50,10000,1.34,159,0.0,75,1732545085,1732581672
Akron,-81.519,41.0814,804,Clouds,overcast clouds,10.96,10.07,10.35,11.73,1011,75,10000,3.6,190,0.0,100,1732537567,1732572045
Yonkers,-73.8988,40.9312,800,Clear,clear sky,11.89,10.21,10.64,13.15,1017,41,10000,3.09,270,0.0,0,1732535712,1732570241
Little Rock,-92.2896,34.7465,804,Clouds,overcast clouds,18.49,18.25,16.75,19.35,1016,71,10000,8.75,330,0.0,100,1732539205,1732575578
Huntington Beach,-117.9992,33.6603,803,Clouds,broken clouds,20.59,20.19,18.34,22.41,1020,57,10000,2.06,20,0.0,75,1732545233,1732581893
Augusta,-81.9748,33.471,800,Clear,clear sky,22.44,22.23,21.72,23.17,1019,57,10000,4.63,250,0.0,0,1732536556,1732573274
Amarillo,-101.8313,35.222,800,Clear,clear sky,8.52,5.13,7.27,9.46,1025,51,10000,6.69,20,0.0,0,1732541562,1732577802
Mobile,-88.2,30.7835,803,Clouds,broken clouds,25.83,25.88,25.42,26.64,1019,54,10000,4.63,200,0.0,75,1732537707,1732575112
Grand Rapids,-85.6681,42.9634,701,Mist,mist,7.05,5.27,6.49,8.0,1009,95,2012,2.57,350,0.0,100,1732538884,1732572720
Salt Lake City,-111.8911,40.7608,803,Clouds,broken clouds,7.32,2.98,5.42,8.52,1020,36,10000,8.75,160,0.0,75,1732544809,1732579385
Tallahassee,-84.2807,30.4383,803,Clouds,broken clouds,24.16,24.33,22.96,24.63,1020,65,10000,4.12,200,0.0,75,1732536723,1732574215
Huntsville,-86.5861,34.7304,803,Clouds,broken clouds,22.26,22.37,21.2,22.89,1016,70,10000,15.0,190,0.0,75,1732537833,1732574212
Grand Prairie,-96.9978,32.746,804,Clouds,overcast clouds,10.79,9.62,10.14,11.83,1021,65,10000,9.77,330,0.0,100,1732540069,1732576974
Knoxville,-83.9207,35.9606,803,Clouds,broken clouds,18.5,18.34,16.13,20.03,1015,74,10000,9.77,210,0.0,75,1732537363,1732573401
Worcester,-71.8328,42.3334,800,Clear,clear sky,7.68,4.24,6.85,8.47,1015,51,10000,6.17,280,0.0,0,1732535451,1732569510
Newport News,-76.428,36.9788,802,Clouds,scattered clouds,17.62,16.95,15.54,20.03,1017,58,10000,3.09,130,0.0,40,1732535710,1732571458
Brownsville,-97.4975,25.9018,801,Clouds,few clouds,29.86,31.48,28.32,29.97,1015,54,10000,7.72,180,0.0,20,1732539363,1732577920
Overland Park,-94.6708,38.9822,800,Clear,clear sky,4.73,0.09,3.53,5.49,1024,49,10000,7.2,340,0.0,0,1732540391,1732575535
Santa Clarita,-118.5426,34.3917,804,Clouds,overcast clouds,16.94,16.23,15.79,18.26,1020,59,10000,0.0,0,0.0,100,1732545461,1732581926
Providence,-71.4128,41.824,800,Clear,clear sky,9.68,6.95,8.84,10.77,1015,47,10000,5.66,290,0.0,0,1732535263,1732569496
Garden Grove,-117.9415,33.7739,803,Clouds,broken clouds,20.95,20.51,18.82,22.71,1020,54,10000,2.06,20,0.0,75,1732545234,1732581864
Chattanooga,-85.3097,35.0456,803,Clouds,broken clouds,20.46,20.44,19.36,21.47,1016,72,10000,5.14,190,0.0,75,1732537570,1732573862
Oceanside,-117.3795,33.1959,801,Clouds,few clouds,21.12,20.7,18.25,24.42,1020,54,10000,3.6,280,0.0,20,1732545022,1732581806
Jackson,-122.8345,42.4165,804,Clouds,overcast clouds,8.14,7.48,7.93,8.55,1013,81,10000,1.54,260,0.0,100,1732547716,1732581732
Fort Lauderdale,-80.1434,26.1223,801,Clouds,few clouds,25.47,25.69,24.44,26.67,1019,62,10000,5.14,60,0.0,20,1732535221,1732573731
Santa Rosa,-122.7144,38.4405,701,Mist,mist,12.86,12.53,11.72,13.86,1016,89,4023,2.06,130,0.0,100,1732547043,1732582347
Rancho Cucamonga,-117.5931,34.1064,803,Clouds,broken clouds,17.37,16.68,16.18,19.35,1020,58,10000,3.09,120,0.0,75,1732545195,1732581736
Port St. Lucie,-80.3503,27.2939,800,Clear,clear sky,24.01,24.16,22.76,25.03,1020,65,10000,3.6,30,0.0,0,1732535404,1732573646
Tempe,-111.9093,33.4148,803,Clouds,broken clouds,24.16,23.31,22.54,25.32,1018,26,10000,1.54,0,0.0,75,1732543738,1732580465
Ontario,-117.6509,34.0633,803,Clouds,broken clouds,17.88,17.24,16.84,20.25,1020,58,10000,3.09,110,0.0,75,1732545203,1732581756
Vancouver,-122.6615,45.6387,804,Clouds,overcast clouds,9.87,8.3,8.75,10.87,1014,84,10000,3.09,110,0.0,100,1732548267,1732581098
Cape Coral,-81.9495,26.5629,800,Clear,clear sky,26.41,26.41,25.55,26.7,1019,54,10000,4.12,130,0.0,0,1732535704,1732574114
Sioux Falls,-96.7003,43.55,800,Clear,clear sky,-2.49,-9.49,-3.36,-2.08,1025,58,10000,8.75,300,0.0,0,1732541639,1732575262
Pembroke Pines,-80.2239,26.0032,801,Clouds,few clouds,25.33,25.67,24.43,27.0,1019,67,10000,5.14,60,0.0,20,1732535226,1732573763
Elk Grove,-121.3716,38.4088,804,Clouds,overcast clouds,13.06,12.51,12.76,14.04,1017,80,10000,5.14,130,0.0,100,1732546716,1732582029
Salem,-123.0351,44.9429,802,Clouds,scattered clouds,9.9,8.89,9.11,10.83,1014,80,10000,2.24,144,0.0,43,1732548222,1732581322
Lancaster,-76.2499,40.2504,803,Clouds,broken clouds,11.39,10.26,10.72,12.57,1016,64,10000,3.09,70,0.0,75,1732536166,1732570916
Corona,-117.5664,33.8753,803,Clouds,broken clouds,19.7,19.14,17.85,21.6,1019,54,10000,0.45,318,0.0,75,1732545157,1732581761
Eugene,-123.0867,44.0521,803,Clouds,broken clouds,8.13,6.21,7.36,8.86,1015,93,10000,3.09,140,0.0,75,1732548068,1732581501
McKinney,-96.6153,33.1976,804,Clouds,overcast clouds,10.82,9.68,10.46,11.16,1021,66,10000,8.75,330,0.0,100,1732540036,1732576823
Fort Collins,-105.0844,40.5853,800,Clear,clear sky,7.52,4.65,6.39,8.82,1020,46,10000,4.63,180,0.0,0,1732543145,1732577780
Palmdale,-118.1165,34.5794,804,Clouds,overcast clouds,15.24,14.36,13.71,16.82,1018,59,10000,0.0,0,0.0,100,1732545384,1732581798
Hayward,-122.0808,37.6688,701,Mist,mist,12.53,12.21,11.57,13.57,1016,91,9656,4.02,144,0.0,100,1732546775,1732582310
Alexandria,-77.0469,38.8048,803,Clouds,broken clouds,14.73,13.64,13.36,15.49,1016,53,10000,4.12,190,0.0,75,1732536131,1732571334
Lakewood,-105.0814,39.7047,800,Clear,clear sky,8.48,7.22,7.14,9.81,1019,37,10000,2.24,143,0.0,2,1732543004,1732577920
Hollywood,-118.3267,34.0983,721,Haze,haze,18.55,17.9,17.7,19.86,1020,55,10000,2.06,270,0.0,100,1732545370,1732581913
Pasadena,-95.2091,29.6911,802,Clouds,scattered clouds,29.08,31.01,28.04,30.07,1016,59,10000,7.2,200,0.0,40,1732539256,1732576928
Sunnyvale,-122.0363,37.3688,500,Rain,light rain,12.27,11.98,11.44,13.54,1016,93,1609,2.57,350,0.2,100,1732546720,1732582344
Macon,-88.9668,39.8667,721,Haze,haze,10.03,9.07,8.47,10.03,1014,76,9656,8.23,300,0.0,100,1732539159,1732574028
Pomona,-117.7523,34.0553,804,Clouds,overcast clouds,17.97,17.34,16.92,20.25,1020,58,10000,3.09,110,0.0,100,1732545226,1732581781
Escondido,-117.0864,33.1192,800,Clear,clear sky,22.82,22.18,18.32,24.72,1019,39,10000,3.6,290,0.0,0,1732544942,1732581746
Killeen,-97.7278,31.1171,800,Clear,clear sky,16.8,15.92,16.03,17.62,1020,53,10000,8.75,360,0.0,0,1732540037,1732577357
Naperville,-88.1473,41.7859,701,Mist,mist,7.59,3.47,6.75,8.41,1013,90,4023,8.23,300,0.0,100,1732539276,1732573518
Joliet,-88.0817,41.525,701,Mist,mist,8.51,5.58,7.33,9.25,1013,90,8047,5.36,287,0.0,100,1732539217,1732573546
Bellevue,-122.2007,47.6104,804,Clouds,overcast clouds,8.23,7.59,7.16,9.16,1014,94,10000,1.54,290,0.0,100,1732548558,1732580585
Rockford,-89.094,42.2711,804,Clouds,overcast clouds,5.75,1.46,5.29,6.25,1015,92,10000,7.05,315,0.0,100,1732539586,1732573662
Savannah,-81.0998,32.0835,800,Clear,clear sky,22.32,21.89,19.97,23.04,1020,49,10000,2.57,260,0.0,0,1732536166,1732573245
Paterson,-74.1718,40.9168,800,Clear,clear sky,12.03,10.36,11.08,13.27,1016,41,10000,2.06,290,0.0,0,1732535775,1732570309
Torrance,-118.3406,33.8359,721,Haze,haze,19.3,18.83,18.01,20.48,1020,59,10000,2.06,110,0.0,75,1732545338,1732581952
Bridgeport,-73.2048,41.167,802,Clouds,scattered clouds,10.63,8.95,9.08,11.32,1016,46,10000,1.79,323,0.0,40,1732535584,1732570036
McAllen,-98.23,26.2034,800,Clear,clear sky,31.91,32.9,30.9,32.25,1014,44,10000,5.66,170,0.0,0,1732539573,1732578062
Mesquite,-96.5992,32.7668,804,Clouds,overcast clouds,11.91,10.93,10.97,12.23,1021,68,10000,5.14,320,0.0,100,1732539976,1732576876
Syracuse,-76.1474,43.0481,803,Clouds,broken clouds,6.8,5.41,5.55,8.3,1016,70,10000,2.06,80,0.0,75,1732536612,1732570420
Midland,-102.0779,31.9974,800,Clear,clear sky,12.05,10.56,11.46,12.14,1022,48,10000,5.14,20,0.0,0,1732541192,1732578290
Murfreesboro,-86.3903,35.8456,804,Clouds,overcast clouds,19.8,19.87,18.45,20.32,1014,78,10000,4.63,220,0.0,100,1732537940,1732574010
Miramar,-80.2323,25.9873,801,Clouds,few clouds,25.32,25.66,24.44,27.01,1019,67,10000,5.14,60,0.0,20,1732535227,1732573767
Dayton,-84.1916,39.7589,804,Clouds,overcast clouds,15.63,15.42,14.45,16.47,1010,83,10000,4.12,200,0.0,100,1732537995,1732572900
Fullerton,-117.9253,33.8703,803,Clouds,broken clouds,20.8,20.32,18.63,22.14,1020,53,10000,0.89,33,0.0,84,1732545243,1732581848
Olathe,-94.8191,38.8814,800,Clear,clear sky,4.78,0.16,4.06,5.59,1024,48,10000,7.2,340,0.0,0,1732540411,1732575586
Orange,-117.7675,33.7,803,Clouds,broken clouds,21.46,20.94,18.67,23.12,1020,49,10000,2.06,20,0.0,75,1732545182,1732581833
Thornton,-104.9719,39.868,801,Clouds,few clouds,8.71,7.64,7.51,9.8,1019,36,10000,2.06,140,0.0,20,1732543003,1732577868
Roseville,-121.288,38.7521,803,Clouds,broken clouds,13.41,12.87,12.19,13.92,1017,79,10000,5.14,140,0.0,75,1732546748,1732581957
Denton,-97.1336,33.2001,804,Clouds,overcast clouds,10.31,9.28,9.55,11.16,1022,72,10000,2.24,336,0.0,100,1732540161,1732576947
Waco,-97.1467,31.5493,800,Clear,clear sky,14.25,13.27,13.99,15.63,1020,59,10000,9.77,340,0.0,0,1732539951,1732577163
Surprise,-112.3332,33.6306,800,Clear,clear sky,23.61,22.78,22.37,24.71,1018,29,10000,2.24,118,0.0,0,1732543868,1732580538
Carrollton,-96.8903,32.9537,804,Clouds,overcast clouds,11.15,10.12,10.63,11.36,1021,69,10000,9.77,330,0.0,100,1732540070,1732576921
West Valley City,-112.0011,40.6916,800,Clear,clear sky,6.98,2.53,5.37,8.5,1020,37,10000,8.75,160,0.0,0,1732544824,1732579422
Visalia,-119.2921,36.3302,804,Clouds,overcast clouds,14.19,13.7,13.34,14.45,1019,78,10000,2.57,20,0.0,100,1732545911,1732581836
Hampton,-76.3452,37.0299,802,Clouds,scattered clouds,17.48,16.85,15.56,20.05,1017,60,10000,3.09,130,0.0,40,1732535697,1732571430
Gainesville,-82.3248,29.6516,800,Clear,clear sky,22.94,22.41,22.12,24.3,1020,43,10000,0.0,0,0.0,0,1732536157,1732573841
Warren,-84.1666,39.4334,804,Clouds,overcast clouds,15.67,15.46,15.15,16.51,1011,83,10000,4.12,210,0.0,100,1732537938,1732572945
Coral Springs,-80.2706,26.2712,800,Clear,clear sky,25.3,25.48,24.43,27.0,1019,61,10000,5.14,60,0.0,0,1732535268,1732573744
Cedar Rapids,-91.6441,42.0083,802,Clouds,scattered clouds,3.01,-3.13,1.84,3.43,1019,76,10000,10.29,310,0.0,40,1732540154,1732574319
Round Rock,-97.6789,30.5083,800,Clear,clear sky,21.05,20.57,19.35,23.47,1019,52,10000,8.75,350,0.0,0,1732539949,1732577421
Sterling Heights,-83.0302,42.5803,804,Clouds,overcast clouds,9.12,8.12,7.94,10.02,1009,85,10000,2.06,110,0.0,100,1732538183,1732572154
Kent,-85.55,43.0334,701,Mist,mist,7.27,5.54,6.64,7.98,1009,94,2012,2.57,350,0.0,100,1732538868,1732572679
Santa Clara,-121.9552,37.3541,701,Mist,mist,12.43,12.16,11.55,13.63,1016,93,2012,2.57,350,0.0,100,1732546699,1732582327
New Haven,-72.9329,41.4001,800,Clear,clear sky,9.18,6.71,8.14,10.58,1016,49,10000,4.63,290,0.0,0,1732535557,1732569932
Stamford,-73.5387,41.0534,800,Clear,clear sky,11.23,9.58,10.43,12.01,1016,45,10000,3.09,310,0.0,0,1732535645,1732570135
Concord,-122.0311,37.978,500,Rain,light rain,12.91,12.55,11.7,13.97,1016,88,10000,5.14,120,0.15,100,1732546809,1732582252
Elizabeth,-74.2107,40.664,800,Clear,clear sky,12.46,10.91,11.2,13.45,1017,44,10000,0.45,196,0.0,0,1732535743,1732570360
Athens,-83.3779,33.9609,801,Clouds,few clouds,21.13,21.0,21.08,21.94,1018,65,10000,3.09,230,0.0,18,1732536958,1732573546
Thousand Oaks,-118.8376,34.1706,804,Clouds,overcast clouds,18.26,17.63,16.26,18.99,1020,57,10000,0.45,146,0.0,91,1732545502,1732582026
Lafayette,-92.0668,30.2335,803,Clouds,broken clouds,26.33,26.33,25.55,27.01,1017,69,10000,5.66,170,0.0,75,1732538568,1732576108
Simi Valley,-118.7815,34.2695,804,Clouds,overcast clouds,18.52,17.86,16.68,19.25,1020,55,10000,0.45,360,0.0,96,1732545502,1732581999
Topeka,-95.678,39.0483,800,Clear,clear sky,6.06,1.19,5.12,6.88,1025,40,10000,9.26,340,0.0,0,1732540643,1732575767
Norman,-97.4395,35.2226,800,Clear,clear sky,8.99,4.81,8.24,9.57,1024,60,10000,10.29,320,0.0,0,1732540507,1732576748
Fargo,-96.7898,46.8772,800,Clear,clear sky,-7.12,-14.12,-7.98,-6.68,1024,69,10000,9.77,280,0.0,0,1732542301,1732574643
Wilmington,-77.9447,34.2257,800,Clear,clear sky,19.43,19.02,18.85,21.62,1019,61,10000,0.89,237,0.0,1,1732535689,1732572207
Abilene,-99.7331,32.4487,802,Clouds,scattered clouds,9.03,5.35,8.38,9.7,1024,61,10000,8.23,350,0.0,40,1732540687,1732577669
Odessa,-102.3676,31.8457,800,Clear,clear sky,12.59,11.16,11.23,12.83,1022,48,10000,5.14,50,0.0,0,1732541243,1732578378
Pearland,-95.286,29.5636,801,Clouds,few clouds,29.09,31.19,28.0,30.05,1016,60,10000,7.2,200,0.0,20,1732539259,1732576962
Victorville,-117.2912,34.5361,802,Clouds,scattered clouds,15.76,14.64,15.57,17.07,1018,48,10000,6.27,197,0.0,26,1732545180,1732581606
Vallejo,-122.2566,38.1041,804,Clouds,overcast clouds,13.25,12.95,12.17,14.11,1016,89,10000,3.6,100,0.0,100,1732546882,1732582288
Ann Arbor,-83.7409,42.2776,804,Clouds,overcast clouds,8.86,7.81,7.93,9.66,1009,77,10000,2.06,150,0.0,100,1732538302,1732572377
Berkeley,-122.2728,37.8716,701,Mist,mist,12.83,12.41,11.61,13.79,1016,86,9656,0.89,66,0.0,100,1732546852,1732582326
Allentown,-75.4902,40.6084,803,Clouds,broken clouds,11.42,10.16,10.51,12.57,1016,59,10000,0.45,189,0.0,75,1732536041,1732570676
Richardson,-96.7297,32.9482,804,Clouds,overcast clouds,11.25,10.26,10.43,11.81,1021,70,10000,8.23,340,0.0,100,1732540031,1732576884
Arvada,-105.0875,39.8028,801,Clouds,few clouds,8.73,7.51,7.5,9.97,1019,38,10000,2.24,162,0.0,20,1732543021,1732577906
Roseville,-121.288,38.7521,803,Clouds,broken clouds,13.41,12.87,12.19,13.92,1017,79,10000,5.14,140,0.0,75,1732546748,1732581957
Beaumont,-94.1019,30.0861,802,Clouds,scattered clouds,28.6,29.49,27.99,28.99,1016,53,10000,7.72,230,0.0,40,1732539038,1732576615
Round Rock,-97.6789,30.5083,800,Clear,clear sky,21.05,20.57,19.35,23.47,1019,52,10000,8.75,350,0.0,0,1732539949,1732577421
Evansville,-87.5558,37.9748,701,Mist,mist,16.12,16.22,15.57,16.68,1011,93,4023,4.12,230,0.0,100,1732538529,1732573981
Independence,-94.4155,39.0911,800,Clear,clear sky,4.35,0.0,3.44,5.58,1023,50,10000,6.17,320,0.0,0,1732540346,1732575457
Fairfield,-73.3162,41.2668,802,Clouds,scattered clouds,9.3,8.59,8.2,10.6,1016,48,10000,1.76,302,0.0,38,1732535627,1732570046
Provo,-111.6585,40.2338,804,Clouds,overcast clouds,5.33,5.33,4.25,6.14,1021,48,10000,0.9,135,0.0,100,1732544668,1732579414
Clearwater,-82.8001,27.9659,800,Clear,clear sky,22.45,22.27,21.06,24.47,1021,58,10000,2.57,300,0.0,0,1732536071,1732574156
Palm Bay,-80.5887,28.0345,800,Clear,clear sky,23.91,23.98,22.77,25.05,1021,62,10000,2.57,80,0.0,0,1732535548,1732573617
West Jordan,-111.9391,40.6097,800,Clear,clear sky,6.57,2.0,4.93,8.25,1021,38,10000,8.75,160,0.0,0,1732544796,1732579421
Pueblo,-104.6091,38.2545,801,Clouds,few clouds,7.81,4.79,6.89,8.65,1022,58,10000,5.14,130,0.0,20,1732542667,1732578031
Lowell,-71.3162,42.6334,800,Clear,clear sky,8.78,6.22,7.77,10.03,1014,51,10000,4.63,300,0.0,0,1732535379,1732569334
Ventura,-119.0176,34.4667,804,Clouds,overcast clouds,9.54,9.3,8.58,11.13,1021,69,10000,1.34,194,0.0,100,1732545586,1732582029
Gresham,-122.4315,45.4982,803,Clouds,broken clouds,9.58,7.21,8.53,10.6,1014,86,10000,4.63,80,0.0,75,1732548184,1732581070
High Point,-80.0053,35.9557,803,Clouds,broken clouds,19.89,18.9,18.6,20.93,1016,37,10000,4.12,190,0.0,75,1732536422,1732572462
Billings Metropolitan Area,-108.5007,45.7833,803,Clouds,broken clouds,-7.13,-11.56,-7.13,-7.13,1021,86,10000,2.57,210,0.0,75,1732544894,1732577672
Manchester,-71.4548,42.9956,800,Clear,clear sky,7.52,7.52,6.79,8.38,1014,58,10000,0.89,294,0.0,2,1732535476,1732569304
El Monte,-118.0276,34.0686,804,Clouds,overcast clouds,19.28,18.7,17.97,21.35,1020,55,10000,0.5,258,0.0,87,1732545294,1732581846
South Bend,-86.25,41.6834,804,Clouds,overcast clouds,11.49,10.86,11.09,12.3,1009,83,10000,4.63,290,0.0,100,1732538803,1732573080
Everett,-122.2021,47.979,804,Clouds,overcast clouds,7.13,7.13,6.2,8.55,1015,96,10000,0.45,66,0.0,100,1732548638,1732580506
Pompano Beach,-80.1248,26.2379,801,Clouds,few clouds,25.57,25.7,24.97,26.99,1019,58,10000,7.72,20,0.0,20,1732535229,1732573713
Daly City,-122.4619,37.7058,701,Mist,mist,11.75,11.36,10.91,13.04,1016,91,6437,3.58,80,0.0,100,1732546872,1732582396
Norwalk,-118.0817,33.9022,803,Clouds,broken clouds,19.99,19.56,18.36,21.85,1020,58,10000,1.54,20,0.0,75,1732545285,1732581881
Burbank,-118.309,34.1808,804,Clouds,overcast clouds,18.15,17.4,17.26,19.29,1020,53,10000,2.06,270,0.0,100,1732545377,1732581898
Rialto,-117.3703,34.1064,804,Clouds,overcast clouds,18.38,17.66,16.7,20.01,1020,53,10000,1.34,360,0.0,100,1732545141,1732581683
San Mateo,-122.3511,37.4499,701,Mist,mist,9.21,8.22,8.18,9.97,1015,94,2414,2.06,130,0.0,100,1732546808,1732582408
Lewisville,-96.9942,33.0462,804,Clouds,overcast clouds,10.91,9.88,10.31,11.36,1022,70,10000,9.77,330,0.0,100,1732540107,1732576934
Lakeland,-81.9498,28.0395,800,Clear,clear sky,25.21,25.04,24.3,26.05,1020,48,10000,3.09,50,0.0,0,1732535875,1732573943
Erie,-78.6664,42.7667,501,Rain,moderate rain,9.99,8.99,7.81,10.65,1013,65,10000,2.24,142,1.42,100,1732537168,1732571074
Tyler,-95.3011,32.3513,804,Clouds,overcast clouds,16.09,15.56,15.52,17.03,1018,69,10000,7.2,310,0.0,100,1732539610,1732576618
Pearland,-95.286,29.5636,801,Clouds,few clouds,29.09,31.19,28.0,30.05,1016,60,10000,7.2,200,0.0,20,1732539259,1732576962
Temecula,-117.1484,33.4936,800,Clear,clear sky,22.88,22.16,21.26,24.41,1019,36,10000,1.54,250,0.0,0,1732545006,1732581711
Meridian,-116.3915,43.6121,803,Clouds,broken clouds,9.8,7.29,7.44,10.95,1016,47,10000,5.14,190,0.0,75,1732546380,1732579975
Visalia,-119.2921,36.3302,804,Clouds,overcast clouds,14.19,13.7,13.34,14.45,1019,78,10000,2.57,20,0.0,100,1732545911,1732581836
Westminster,-105.0372,39.8367,801,Clouds,few clouds,8.6,7.51,7.38,9.88,1019,37,10000,2.06,140,0.0,20,1732543014,1732577889
Santa Barbara,-120.0343,34.7333,804,Clouds,overcast clouds,15.31,14.44,15.13,15.31,1019,59,10000,4.12,130,0.0,100,1732545866,1732582237
Green Bay,-88.0198,44.5192,501,Rain,moderate rain,1.89,-1.34,0.98,2.45,1012,96,41,3.13,302,1.4,100,1732539731,1732573001
Cedar Park,-97.8203,30.5052,800,Clear,clear sky,20.92,20.48,19.07,23.01,1019,54,10000,7.2,350,0.0,0,1732539983,1732577455
Lynchburg,-79.1423,37.4138,800,Clear,clear sky,18.69,17.71,18.4,18.71,1016,42,10000,3.6,160,0.0,0,1732536425,1732572045
Tuscaloosa,-87.5692,33.2098,803,Clouds,broken clouds,23.88,23.81,23.88,23.88,1017,57,10000,5.14,200,0.0,75,1732537865,1732574651
Orem,-111.6946,40.2969,804,Clouds,overcast clouds,4.97,4.97,3.43,6.26,1021,48,10000,0.45,24,0.0,100,1732544687,1732579413
Perris,-117.2287,33.7825,803,Clouds,broken clouds,19.72,18.82,17.99,21.72,1019,41,10000,0.45,298,0.0,75,1732545064,1732581692
Dearborn,-83.1763,42.3223,500,Rain,light rain,9.78,8.89,8.62,10.73,1009,82,10000,2.06,150,0.12,100,1732538174,1732572233
Hemet,-116.972,33.7475,803,Clouds,broken clouds,21.14,20.12,19.6,22.75,1019,31,10000,1.79,341,0.0,77,1732544998,1732581635
Fargo,-96.7898,46.8772,800,Clear,clear sky,-7.12,-14.12,-7.98,-6.68,1024,69,10000,9.77,280,0.0,0,1732542301,1732574643
Muncie,-85.3864,40.1934,804,Clouds,overcast clouds,14.96,14.68,14.56,15.09,1009,83,10000,4.02,236,0.0,100,1732538351,1732573117
Casper,-106.3131,42.8666,800,Clear,clear sky,2.62,-3.24,1.33,2.62,1020,60,10000,8.94,245,0.0,0,1732543826,1732577690
Santa Fe,-105.9506,35.5167,800,Clear,clear sky,11.1,9.13,9.44,12.27,1020,33,10000,3.13,186,0.0,0,1732542592,1732578750
Wichita Falls,-98.4934,33.9137,802,Clouds,scattered clouds,10.18,8.77,10.07,10.79,1024,58,10000,8.23,360,0.0,40,1732540582,1732577179
Albany,-73.9662,42.6001,802,Clouds,scattered clouds,6.24,6.24,5.13,7.41,1017,57,10000,0.45,303,0.0,40,1732536010,1732569976
Bend,-121.3153,44.0582,804,Clouds,overcast clouds,4.32,3.12,2.99,5.21,1013,86,10000,1.54,360,0.0,100,1732547644,1732581074
Woodbridge,-74.2846,40.5576,800,Clear,clear sky,12.48,10.98,11.49,13.88,1017,46,10000,1.34,316,0.0,0,1732535743,1732570395
Largo,-82.7873,27.9095,800,Clear,clear sky,22.54,22.39,21.08,24.48,1020,59,10000,2.57,300,0.0,0,1732536061,1732574160
West Haven,-72.9471,41.2706,801,Clouds,few clouds,10.04,8.35,8.8,11.3,1016,48,10000,1.34,295,0.0,24,1732535539,1732569957
Springdale,-94.1288,36.1867,804,Clouds,overcast clouds,6.64,2.24,5.62,7.6,1021,86,10000,8.23,320,0.0,100,1732539847,1732575819
Kokomo,-86.1336,40.4864,804,Clouds,overcast clouds,14.84,14.63,14.35,15.11,1009,86,10000,6.17,230,0.0,100,1732538578,1732573249
Logan,-111.8344,41.7355,803,Clouds,broken clouds,2.95,2.95,2.63,4.4,1022,55,10000,0.45,18,0.0,71,1732544957,1732579209
Bartlesville,-95.9808,36.7473,800,Clear,clear sky,10.21,8.64,9.9,10.57,1024,52,10000,4.12,350,0.0,0,1732540372,1732576183
